id,language,domain,source,simple,source_url,writer,reviewer,status,notes
001,hindi,govt,संपत्ति कर का भुगतान 31.12.2026 तक करने पर 5% की छूट दी जाएगी।,संपत्ति कर 31.12.2026 तक भरें। तब आपको 5% की छूट मिलेगी।,self-written (no source) - replace with real URL when sourced,AI,user-approved (no native review),approved,
002,hindi,govt,जल कर की बकाया राशि 15.01.2027 तक जमा न करने पर कनेक्शन काटा जा सकता है।,जल कर का बकाया 15.01.2027 तक जमा करें। जमा न करने पर पानी का कनेक्शन कट सकता है।,self-written (no source) - replace with real URL when sourced,AI,user-approved (no native review),approved,
003,hindi,govt,राशन कार्ड के नवीनीकरण हेतु आवेदक को आधार कार्ड की प्रति और पते का प्रमाण प्रस्तुत करना होगा।,राशन कार्ड का नवीनीकरण कराना है तो आधार कार्ड की प्रति लाएँ। पते का प्रमाण भी लाएँ।,self-written (no source) - replace with real URL when sourced,AI,user-approved (no native review),approved,
004,hindi,govt,"पेंशन योजना के लिए आवेदक की आयु 60 वर्ष या उससे अधिक होनी चाहिए तथा वार्षिक आय 1,00,000 रुपये से कम होनी चाहिए।","इस पेंशन योजना का लाभ पाने के लिए आपकी उम्र 60 वर्ष या उससे ज़्यादा होनी चाहिए। आपकी सालाना आय 1,00,000 रुपये से कम होनी चाहिए।",self-written (no source) - replace with real URL when sourced,AI,user-approved (no native review),approved,
005,hindi,govt,आवेदन पत्र जमा करने की अंतिम तिथि 20.10.2026 है। अंतिम तिथि के पश्चात प्राप्त आवेदन स्वीकार नहीं किए जाएँगे।,आवेदन जमा करने की आखिरी तारीख 20.10.2026 है। इसके बाद आए आवेदन स्वीकार नहीं होंगे।,self-written (no source) - replace with real URL when sourced,AI,user-approved (no native review),approved,
006,hindi,govt,विलंब से भुगतान करने पर प्रतिमाह 2% की दर से अतिरिक्त शुल्क देय होगा।,देर से भुगतान करने पर हर महीने 2% अतिरिक्त शुल्क देना होगा।,self-written (no source) - replace with real URL when sourced,AI,user-approved (no native review),approved,Reviewer: confirm 'अतिरिक्त शुल्क' (extra charge) is right vs 'ब्याज' (interest) or 'जुर्माना' (fine).
007,hindi,govt,"नगर निगम कार्यालय सोमवार से शुक्रवार, प्रातः 10:00 बजे से सायं 5:00 बजे तक खुला रहेगा।",नगर निगम कार्यालय सोमवार से शुक्रवार तक खुला रहेगा। समय सुबह 10:00 बजे से शाम 5:00 बजे तक है।,self-written (no source) - replace with real URL when sourced,AI,user-approved (no native review),approved,
008,hindi,govt,सभी उपभोक्ताओं से अनुरोध है कि वे अपना मोबाइल नंबर 30.11.2026 तक बिजली विभाग में पंजीकृत कराएँ।,सभी उपभोक्ता अपना मोबाइल नंबर बिजली विभाग में दर्ज कराएँ। यह काम 30.11.2026 तक करना है।,self-written (no source) - replace with real URL when sourced,AI,user-approved (no native review),approved,
009,hindi,govt,"छात्रवृत्ति के आवेदन के साथ जाति प्रमाण पत्र, आय प्रमाण पत्र और बैंक पासबुक की प्रति संलग्न करना अनिवार्य है।","छात्रवृत्ति के आवेदन के साथ ये कागज़ लगाना ज़रूरी है: जाति प्रमाण पत्र, आय प्रमाण पत्र और बैंक पासबुक की प्रति।",self-written (no source) - replace with real URL when sourced,AI,user-approved (no native review),approved,
010,hindi,govt,"बिना पूर्व अनुमति के सड़क पर निर्माण सामग्री रखने पर 5,000 रुपये का जुर्माना लगाया जाएगा।","पहले से अनुमति लिए बिना सड़क पर निर्माण का सामान रखा तो 5,000 रुपये का जुर्माना लगेगा।",self-written (no source) - replace with real URL when sourced,AI,user-approved (no native review),approved,
011,hindi,govt,योजना का लाभ प्राप्त करने हेतु लाभार्थी का बैंक खाता आधार से जुड़ा होना आवश्यक है।,योजना का लाभ पाने के लिए आपका बैंक खाता आधार से जुड़ा होना चाहिए।,self-written (no source) - replace with real URL when sourced,AI,user-approved (no native review),approved,
012,hindi,govt,जन्म प्रमाण पत्र के लिए आवेदन जन्म की तिथि से 21 दिनों के भीतर करना होगा।,जन्म प्रमाण पत्र के लिए जन्म की तारीख से 21 दिनों के अंदर आवेदन करें।,self-written (no source) - replace with real URL when sourced,AI,user-approved (no native review),approved,
013,hindi,govt,"जिन उपभोक्ताओं का बिल 3 माह से अधिक बकाया है, उनका बिजली कनेक्शन बिना सूचना के काटा जा सकता है।","जिनका बिल 3 महीने से ज़्यादा बकाया है, उनका बिजली कनेक्शन कट सकता है। इसके लिए अलग से सूचना नहीं दी जाएगी।",self-written (no source) - replace with real URL when sourced,AI,user-approved (no native review),approved,
014,hindi,govt,आगामी 12.11.2026 को जल आपूर्ति सुबह 8:00 बजे से दोपहर 2:00 बजे तक बंद रहेगी। नागरिक पर्याप्त जल का संग्रह कर लें।,12.11.2026 को पानी की आपूर्ति बंद रहेगी। यह बंदी सुबह 8:00 बजे से दोपहर 2:00 बजे तक रहेगी। पहले से पर्याप्त पानी भरकर रख लें।,self-written (no source) - replace with real URL when sourced,AI,user-approved (no native review),approved,
015,hindi,govt,आवेदक को सत्यापन हेतु मूल दस्तावेजों के साथ कार्यालय में स्वयं उपस्थित होना होगा। किसी अन्य व्यक्ति को भेजने पर आवेदन निरस्त किया जा सकता है।,जाँच के लिए आपको खुद असली कागज़ात लेकर कार्यालय आना होगा। किसी और को भेजने पर आपका आवेदन रद्द हो सकता है।,self-written (no source) - replace with real URL when sourced,AI,user-approved (no native review),approved,
016,hindi,govt,ऑनलाइन पोर्टल पर आवेदन की स्थिति देखने के लिए आवेदन संख्या दर्ज करें।,ऑनलाइन पोर्टल पर अपनी आवेदन संख्या डालें। इससे आपको आवेदन की स्थिति दिख जाएगी।,self-written (no source) - replace with real URL when sourced,AI,user-approved (no native review),approved,
017,hindi,govt,"सभी भूमि धारकों को 31.03.2027 तक अपनी भूमि का विवरण पोर्टल पर अद्यतन करना होगा, अन्यथा सब्सिडी रोकी जा सकती है।",सभी भूमि धारक 31.03.2027 तक पोर्टल पर अपनी भूमि का विवरण अपडेट करें। ऐसा न करने पर सब्सिडी रुक सकती है।,self-written (no source) - replace with real URL when sourced,AI,user-approved (no native review),approved,Reviewer: 'भूमि धारक' (landholder) kept as is; check if a simpler everyday word exists.
018,hindi,govt,पहचान पत्र खो जाने की स्थिति में डुप्लीकेट पहचान पत्र के लिए 100 रुपये शुल्क देना होगा।,पहचान पत्र खो जाए तो डुप्लीकेट पहचान पत्र बनवा सकते हैं। इसके लिए 100 रुपये शुल्क लगेगा।,self-written (no source) - replace with real URL when sourced,AI,user-approved (no native review),approved,
019,hindi,govt,कृपया ध्यान दें कि आवेदन शुल्क एक बार जमा करने के बाद वापस नहीं किया जाएगा।,ध्यान दें: आवेदन शुल्क एक बार जमा हो जाए तो वापस नहीं मिलेगा।,self-written (no source) - replace with real URL when sourced,AI,user-approved (no native review),approved,
020,hindi,govt,मतदाता सूची में नाम जोड़ने के लिए आवेदन 25.11.2026 तक स्वीकार किए जाएँगे। आवेदक की आयु 1 जनवरी 2027 को 18 वर्ष पूर्ण होनी चाहिए।,मतदाता सूची में नाम जोड़ने के आवेदन 25.11.2026 तक लिए जाएँगे। 1 जनवरी 2027 को आपकी उम्र 18 वर्ष पूरी होनी चाहिए।,self-written (no source) - replace with real URL when sourced,AI,user-approved (no native review),approved,
021,hindi,govt,दो बार से अधिक बिल जमा करने में चूक करने पर उपभोक्ता को चेतावनी नोटिस भेजा जाएगा।,बिल जमा करने में दो बार से ज़्यादा चूक हुई तो आपको चेतावनी का नोटिस भेजा जाएगा।,self-written (no source) - replace with real URL when sourced,AI,user-approved (no native review),approved,
022,hindi,govt,वाहन चालन अनुज्ञप्ति के नवीनीकरण हेतु आवेदन अनुज्ञप्ति की समाप्ति तिथि से 30 दिन पूर्व किया जा सकता है।,ड्राइविंग लाइसेंस की समाप्ति की तारीख से 30 दिन पहले आप नवीनीकरण का आवेदन कर सकते हैं।,self-written (no source) - replace with real URL when sourced,AI,user-approved (no native review),approved,
023,hindi,govt,"यातायात नियमों के उल्लंघन पर जारी ई-चालान का भुगतान 45 दिनों के भीतर करना अनिवार्य है, अन्यथा मामला न्यायालय को भेजा जाएगा।",ट्रैफिक नियम तोड़ने पर मिले ई-चालान का भुगतान 45 दिनों के अंदर करना ज़रूरी है। भुगतान न करने पर मामला अदालत को भेजा जाएगा।,self-written (no source) - replace with real URL when sourced,AI,user-approved (no native review),approved,
024,hindi,govt,कक्षा 1 में प्रवेश हेतु बच्चे की आयु 1 अप्रैल 2027 को 6 वर्ष पूर्ण होनी चाहिए।,कक्षा 1 में दाखिले के लिए बच्चे की उम्र 1 अप्रैल 2027 को 6 वर्ष पूरी होनी चाहिए।,self-written (no source) - replace with real URL when sourced,AI,user-approved (no native review),approved,
025,hindi,govt,प्रवेश के समय जन्म प्रमाण पत्र की मूल प्रति एवं एक छायाप्रति जमा करनी होगी।,दाखिले के समय जन्म प्रमाण पत्र की असली प्रति और एक फोटोकॉपी जमा करें।,self-written (no source) - replace with real URL when sourced,AI,user-approved (no native review),approved,
026,hindi,govt,पशुओं का टीकाकरण शिविर 18.11.2026 को ग्राम पंचायत भवन में प्रातः 9:00 बजे से आयोजित किया जाएगा।,पशुओं के टीकाकरण का शिविर 18.11.2026 को ग्राम पंचायत भवन में लगेगा। शिविर सुबह 9:00 बजे से शुरू होगा।,self-written (no source) - replace with real URL when sourced,AI,user-approved (no native review),approved,
027,hindi,govt,फसल बीमा योजना में नामांकन की अंतिम तिथि 31.07.2027 निर्धारित की गई है। किसान अपने निकटतम बैंक शाखा में संपर्क करें।,फसल बीमा योजना में नाम लिखवाने की आखिरी तारीख 31.07.2027 है। किसान अपनी सबसे पास की बैंक शाखा से संपर्क करें।,self-written (no source) - replace with real URL when sourced,AI,user-approved (no native review),approved,
028,hindi,govt,रसोई गैस सब्सिडी प्राप्त करने के लिए उपभोक्ता को वर्ष में एक बार ई-केवाईसी करवाना आवश्यक है।,रसोई गैस की सब्सिडी पाने के लिए साल में एक बार ई-केवाईसी कराना ज़रूरी है।,self-written (no source) - replace with real URL when sourced,AI,user-approved (no native review),approved,Reviewer: 'ई-केवाईसी' kept as people commonly say it; check if it needs a short explanation.
029,hindi,govt,राजकीय बस सेवा में 65 वर्ष से अधिक आयु के नागरिकों को किराये में 50% की रियायत दी जाएगी।,सरकारी बस में 65 वर्ष से ज़्यादा उम्र के लोगों को किराये में 50% की छूट मिलेगी।,self-written (no source) - replace with real URL when sourced,AI,user-approved (no native review),approved,
030,hindi,govt,छूट का लाभ लेने हेतु यात्रा के दौरान आयु का प्रमाण साथ रखना अनिवार्य होगा।,छूट लेने के लिए यात्रा में उम्र का प्रमाण साथ रखना ज़रूरी है।,self-written (no source) - replace with real URL when sourced,AI,user-approved (no native review),approved,
031,hindi,govt,कचरा संग्रहण वाहन प्रतिदिन प्रातः 7:00 बजे से 9:00 बजे के बीच आएगा। नागरिक गीला और सूखा कचरा अलग-अलग रखें।,कचरा उठाने वाली गाड़ी रोज़ सुबह 7:00 बजे से 9:00 बजे के बीच आएगी। गीला और सूखा कचरा अलग-अलग रखें।,self-written (no source) - replace with real URL when sourced,AI,user-approved (no native review),approved,
032,hindi,govt,सार्वजनिक स्थान पर कूड़ा फेंकने पर 500 रुपये का दंड आरोपित किया जाएगा।,सार्वजनिक जगह पर कूड़ा फेंकने पर 500 रुपये का जुर्माना लगेगा।,self-written (no source) - replace with real URL when sourced,AI,user-approved (no native review),approved,
033,hindi,govt,निःशुल्क स्वास्थ्य जाँच शिविर 22.11.2026 को सामुदायिक भवन में लगाया जाएगा। जाँच के लिए पंजीकरण की आवश्यकता नहीं है।,सामुदायिक भवन में 22.11.2026 को मुफ़्त स्वास्थ्य जाँच शिविर लगेगा। जाँच के लिए पंजीकरण नहीं कराना है।,self-written (no source) - replace with real URL when sourced,AI,user-approved (no native review),approved,
034,hindi,govt,विवाह पंजीकरण हेतु वर और वधू दोनों को पहचान पत्र के साथ उपस्थित होना अनिवार्य है।,विवाह का पंजीकरण कराने के लिए दूल्हा और दुल्हन दोनों को पहचान पत्र के साथ आना ज़रूरी है।,self-written (no source) - replace with real URL when sourced,AI,user-approved (no native review),approved,
035,hindi,govt,पंजीकरण शुल्क 250 रुपये है जिसे नकद या ऑनलाइन माध्यम से जमा किया जा सकता है।,पंजीकरण शुल्क 250 रुपये है। इसे नकद या ऑनलाइन जमा कर सकते हैं।,self-written (no source) - replace with real URL when sourced,AI,user-approved (no native review),approved,
036,hindi,govt,सूचना के अधिकार के अंतर्गत आवेदन करने पर 30 दिनों के भीतर उत्तर प्रदान किया जाएगा।,सूचना के अधिकार के तहत आवेदन करने पर 30 दिनों के अंदर जवाब दिया जाएगा।,self-written (no source) - replace with real URL when sourced,AI,user-approved (no native review),approved,
037,hindi,govt,भर्ती परीक्षा का प्रवेश पत्र 10.12.2026 से वेबसाइट पर उपलब्ध होगा। अभ्यर्थी बिना प्रवेश पत्र के परीक्षा में सम्मिलित नहीं हो सकेंगे।,भर्ती परीक्षा का प्रवेश पत्र 10.12.2026 से वेबसाइट पर मिलेगा। प्रवेश पत्र के बिना उम्मीदवार परीक्षा में नहीं बैठ सकेंगे।,self-written (no source) - replace with real URL when sourced,AI,user-approved (no native review),approved,
038,hindi,govt,परीक्षा शुल्क सामान्य वर्ग के लिए 600 रुपये तथा आरक्षित वर्ग के लिए 300 रुपये है।,परीक्षा शुल्क सामान्य वर्ग के लिए 600 रुपये है। आरक्षित वर्ग के लिए 300 रुपये है।,self-written (no source) - replace with real URL when sourced,AI,user-approved (no native review),approved,
039,hindi,govt,मृत्यु का पंजीकरण 21 दिनों के भीतर कराना आवश्यक है। विलंब की स्थिति में अतिरिक्त शुल्क देय होगा।,मृत्यु का पंजीकरण 21 दिनों के अंदर कराना ज़रूरी है। देर होने पर अतिरिक्त शुल्क देना होगा।,self-written (no source) - replace with real URL when sourced,AI,user-approved (no native review),approved,
040,hindi,govt,भवन मानचित्र की स्वीकृति प्राप्त किए बिना निर्माण कार्य प्रारंभ नहीं किया जा सकता।,भवन के नक्शे की मंज़ूरी मिले बिना निर्माण शुरू नहीं किया जा सकता।,self-written (no source) - replace with real URL when sourced,AI,user-approved (no native review),approved,
041,hindi,govt,"संपत्ति के पंजीकरण पर स्टाम्प शुल्क संपत्ति के मूल्य का 5% देय होगा, जिसमें महिला क्रेता को 1% की छूट दी जाएगी।",संपत्ति के पंजीकरण पर स्टाम्प शुल्क संपत्ति के मूल्य का 5% लगेगा। महिला खरीदार को इसमें 1% की छूट मिलेगी।,self-written (no source) - replace with real URL when sourced,AI,user-approved (no native review),approved,Illustrative rates in a self-written passage; replace with real notice text before relying on it.
042,hindi,govt,बिजली चोरी पाए जाने पर उपभोक्ता के विरुद्ध नियमानुसार कार्रवाई की जाएगी।,बिजली चोरी पकड़ी गई तो उपभोक्ता पर नियम के अनुसार कार्रवाई होगी।,self-written (no source) - replace with real URL when sourced,AI,user-approved (no native review),approved,
043,hindi,govt,नल कनेक्शन के लिए आवेदन के साथ मकान का स्वामित्व प्रमाण तथा पिछले माह की जल कर रसीद संलग्न करें।,नल कनेक्शन के आवेदन के साथ मकान के मालिकाना हक का प्रमाण लगाएँ। पिछले महीने की जल कर की रसीद भी लगाएँ।,self-written (no source) - replace with real URL when sourced,AI,user-approved (no native review),approved,
044,hindi,govt,ग्राम सभा की बैठक 02.12.2026 को सायं 4:00 बजे पंचायत भवन में होगी। सभी ग्रामवासी उपस्थित रहें।,ग्राम सभा की बैठक 02.12.2026 को शाम 4:00 बजे पंचायत भवन में होगी। सभी गाँव वाले आएँ।,self-written (no source) - replace with real URL when sourced,AI,user-approved (no native review),approved,
045,hindi,govt,मनरेगा के अंतर्गत जॉब कार्ड हेतु आवेदन ग्राम पंचायत कार्यालय में निःशुल्क किया जा सकता है।,मनरेगा में जॉब कार्ड के लिए ग्राम पंचायत कार्यालय में आवेदन करें। इसके लिए कोई शुल्क नहीं लगता।,self-written (no source) - replace with real URL when sourced,AI,user-approved (no native review),approved,
046,hindi,govt,आवेदन में गलत जानकारी देने पर आवेदन निरस्त कर दिया जाएगा तथा लाभ वापस लिया जा सकता है।,आवेदन में गलत जानकारी दी तो आवेदन रद्द कर दिया जाएगा। मिला हुआ लाभ भी वापस लिया जा सकता है।,self-written (no source) - replace with real URL when sourced,AI,user-approved (no native review),approved,
047,hindi,govt,"नवीन बिजली कनेक्शन के लिए सुरक्षा निधि के रूप में 1,500 रुपये जमा करने होंगे, जो कनेक्शन बंद करने पर लौटाए जाएँगे।","नया बिजली कनेक्शन लेने पर सुरक्षा राशि के रूप में 1,500 रुपये जमा करने होंगे। कनेक्शन बंद कराने पर यह राशि लौटा दी जाएगी।",self-written (no source) - replace with real URL when sourced,AI,user-approved (no native review),approved,Reviewer: confirm 'सुरक्षा राशि' (security deposit) is the right everyday term.
048,hindi,govt,वरिष्ठ नागरिक कार्ड के लिए आवेदन प्रतिदिन कार्यालय समय में स्वीकार किए जाते हैं।,वरिष्ठ नागरिक कार्ड के आवेदन हर दिन कार्यालय के समय में लिए जाते हैं।,self-written (no source) - replace with real URL when sourced,AI,user-approved (no native review),approved,
049,hindi,govt,पार्किंग निषिद्ध क्षेत्र में वाहन खड़ा करने पर 300 रुपये का चालान काटा जाएगा तथा वाहन उठाया जा सकता है।,पार्किंग मना वाली जगह पर गाड़ी खड़ी करने पर 300 रुपये का चालान कटेगा। गाड़ी उठाई भी जा सकती है।,self-written (no source) - replace with real URL when sourced,AI,user-approved (no native review),approved,
050,hindi,govt,शिकायत दर्ज कराने हेतु सोमवार से शनिवार तक कार्यालय में संपर्क करें। शिकायत पर 15 दिनों के भीतर कार्रवाई की जाएगी।,शिकायत दर्ज कराने के लिए सोमवार से शनिवार तक कार्यालय में संपर्क करें। शिकायत पर 15 दिनों के अंदर कार्रवाई होगी।,self-written (no source) - replace with real URL when sourced,AI,user-approved (no native review),approved,
